Politics,International,Society,Sports,Culture
https://fr.journalducameroun.com/cameroun-cabral-libii-propose-deux-modalites-de-coalition-avant-la-presidentielle-de-2025/,https://fr.journalducameroun.com/gabon-ali-bongo-renonce-a-toute-ambition-nationale/,https://fr.journalducameroun.com/cameroun-des-bourses-25-millions-de-fcfa-offert-aux-enfants-handicapes-et-demunis/,https://fr.journalducameroun.com/cameroun-dynamo-de-douala-a-un-nouvel-entraineur-en-chef/,https://fr.journalducameroun.com/des-acteurs-europeens-et-camerounais-lancent-le-theatre-de-rue-au-cameroun/
https://fr.journalducameroun.com/cameroun-petit-a-petit-franck-biya-se-devoile/,https://fr.journalducameroun.com/transport-aerien-dakar-paie-ses-dettes-pour-sauver-air-senegal/,https://fr.journalducameroun.com/cameroun-est-%f0%9d%90%94%f0%9d%90%a7-%f0%9d%90%9a%f0%9d%90%a9%f0%9d%90%a9%f0%9d%90%ae%f0%9d%90%a2%f0%9d%90%ac-%f0%9d%90%a2%f0%9d%90%a6%f0%9d%90%a9%f0%9d%90%a8%f0%9d%90%ab%f0%9d%90%ad%f0%9d%90%9a/,https://fr.journalducameroun.com/joueurs-du-football-francais-a-suivre-en-2024-etoiles-montantes/,https://fr.journalducameroun.com/cameroun-aidjo-mamadou-sous-assistance-respiratoire/
https://fr.journalducameroun.com/cameroun-paul-atanga-nji-rappelle-manaouda-malachie-a-lordre/,https://fr.journalducameroun.com/cote-divoire-coris-bank-finalise-le-rachat-de-lactivite-de-standard-chartered/,https://fr.journalducameroun.com/inondations-dans-lextreme-nord-cameroun-deja-30-morts-et-365-000-sinistres/,https://fr.journalducameroun.com/cameroun-la-fecafoot-lance-la-procedure-pour-recruter-le-remplacant-de-one-all-sports/,https://fr.journalducameroun.com/il-y-a-encore-beaucoup-a-faire-et-nous-avons-un-immense-potentiel-au-cameroun-franglish/
https://fr.journalducameroun.com/cameroun-le-gouverneur-du-littoral-engage-a-mettre-fin-au-phenomene-de-microbes-a-douala/,https://fr.journalducameroun.com/nigeria-les-manifestations-contre-la-vie-chere-virent-a-la-mort-de-13-personnes/,https://fr.journalducameroun.com/cameroun-le-maire-de-yagoua-rappelle-les-defis-a-relever-pour-resoudre-les-problemes-dinondations/,https://fr.journalducameroun.com/caf-le-kenya-la-tanzanie-et-louganda-accueillent-le-chan-des-le-1er-fevrier-2025/,https://fr.journalducameroun.com/le-cameroun-sera-represente-a-miss-global-heritage/
https://fr.journalducameroun.com/le-cameroun-envoie-1070-casques-bleus-en-mission-de-stabilisation-en-centrafrique/,https://fr.journalducameroun.com/affaires-societe-generale-quitte-le-benin/,https://fr.journalducameroun.com/cameroun-une-panne-de-transformateur-cause-des-perturbations-delectricite-a-louest/,https://fr.journalducameroun.com/afrobasket-le-cameroun-sort-par-la-petite-porte/,https://fr.journalducameroun.com/rd-congo-conseil-superieur-de-laudiovisuel-interdit-la-diffusion-de-la-telerealite-the-bachelor/
https://fr.journalducameroun.com/insecurite-dans-ladamaoua-le-gouverneur-renforce-la-collaboration-entre-population-et-forces-de-securite/,https://fr.journalducameroun.com/transport-aerien-dakar-paie-ses-dettes-pour-sauver-air-senegal/,https://fr.journalducameroun.com/cameroun-des-bourses-25-millions-de-fcfa-offert-aux-enfants-handicapes-et-demunis/,https://fr.journalducameroun.com/cameroun-dynamo-de-douala-a-un-nouvel-entraineur-en-chef/,https://fr.journalducameroun.com/des-acteurs-europeens-et-camerounais-lancent-le-theatre-de-rue-au-cameroun/
https://fr.journalducameroun.com/cameroun-23-prisonniers-militants-du-mrc-attendus-devant-la-cour-supreme/,https://fr.journalducameroun.com/cote-divoire-coris-bank-finalise-le-rachat-de-lactivite-de-standard-chartered/,https://fr.journalducameroun.com/cameroun-est-%f0%9d%90%94%f0%9d%90%a7-%f0%9d%90%9a%f0%9d%90%a9%f0%9d%90%a9%f0%9d%90%ae%f0%9d%90%a2%f0%9d%90%ac-%f0%9d%90%a2%f0%9d%90%a6%f0%9d%90%a9%f0%9d%90%a8%f0%9d%90%ab%f0%9d%90%ad%f0%9d%90%9a/,https://fr.journalducameroun.com/joueurs-du-football-francais-a-suivre-en-2024-etoiles-montantes/,https://fr.journalducameroun.com/cameroun-aidjo-mamadou-sous-assistance-respiratoire/
https://fr.journalducameroun.com/cameroun-inondations-un-convoi-humanitaire-de-22-camions-prend-la-direction-de-lextreme-nord/,https://fr.journalducameroun.com/investissement-cote-divoire-abidjan-ouvre-officiellement-son-quatrieme-pont/,https://fr.journalducameroun.com/cameroun-enseignements-secondaires-zero-eleve-present-en-classe-dans-le-departement-de-momo/,https://fr.journalducameroun.com/le-cameroun-affronte-le-zimbabwe-sans-setre-entraine/,https://fr.journalducameroun.com/il-y-a-encore-beaucoup-a-faire-et-nous-avons-un-immense-potentiel-au-cameroun-franglish/
https://fr.journalducameroun.com/inondations-dans-lextreme-nord-cameroun-le-gouvernement-deploie-plus-dun-milliard-de-f/,https://fr.journalducameroun.com/revolution-le-senegal-devient-officiellement-un-pays-producteur-de-petrole/,https://fr.journalducameroun.com/cameroun-linondation-cause-des-degats-dans-lextreme-nord/,https://fr.journalducameroun.com/cameroun-les-lions-indomptables-jouent-leur-dernier-match-avec-la-marque-one-all-sports/,https://fr.journalducameroun.com/cameroun-deces-de-mami-ton-serie-dhommages-sur-la-toile/
https://fr.journalducameroun.com/cameroun-le-prefet-de-la-manyu-ordonne-la-fermeture-des-bars-et-snacks-des-20h/,https://fr.journalducameroun.com/classement-voici-les-ports-les-plus-competitifs-dafrique/,https://fr.journalducameroun.com/fabrication-de-fausse-monnaie-deux-camerounais-arretes-en-afrique-du-sud/,https://fr.journalducameroun.com/crise-minsep-fecafoot-cyrille-tollo-et-prospere-nkou-mvondo-recherchent-la-paix/,https://fr.journalducameroun.com/cameroun-des-innovations-annoncees-au-festival-ecrans-noirs-2024/
https://fr.journalducameroun.com/cameroun-100-policiers-se-forment-au-maintien-de-lordre-renforce/,https://fr.journalducameroun.com/senegal-letat-veut-racheter-societe-generale/,https://fr.journalducameroun.com/cameroun-torture-de-longue-longue-le-ministre-de-la-defense-ordonne-louverture-dune-enquete/,https://fr.journalducameroun.com/cameroun-francoise-mbango-initie-les-jeunes-aux-metiers-du-sport/,https://fr.journalducameroun.com/cameroun-longue-longue-publie-une-video-ou-les-militaires-le-torturent/
https://fr.journalducameroun.com/cameroun-sept-combattants-separatistes-deposent-les-armes/,https://fr.journalducameroun.com/changements-climatiques-en-afrique-mohamed-francis-luc-keita-prix-de-la-meilleure-these-de-dba/,https://fr.journalducameroun.com/cameroun-80-enseignants-absents-de-leurs-postes-a-luniversite-de-douala/,https://fr.journalducameroun.com/cameroun-samuel-etoo-affecte-ernest-obama-a-lextreme-nord/,https://fr.journalducameroun.com/cameroun-le-featuring-ben-decca-ft-senge-i-en-vogue/
https://fr.journalducameroun.com/cameroun-le-gouverneur-du-littoral-engage-a-mettre-fin-au-phenomene-de-microbes-a-douala/,https://fr.journalducameroun.com/presidentielle-au-tchad-un-mort-a-moundou/,https://fr.journalducameroun.com/cameroun-le-prefet-previent-quun-plan-denlevement-deleves-se-tisse-a-akonolinga/,https://fr.journalducameroun.com/elim-can-2025-le-tchad-affronte-la-zambie-a-yaounde/,https://fr.journalducameroun.com/le-quartier-des-autrices-et-auteurs-pole-cameroun-entre-en-scene/
https://fr.journalducameroun.com/cameroun-douala-les-microbes-chargent-de-nouveau-la-france-previent-ses-ressortissants/,https://fr.journalducameroun.com/congo-lopposition-conteste-les-resultats-du-recensement-de-la-population/,https://fr.journalducameroun.com/cameroun-eismv-les-experts-fixent-les-objectifs-de-la-nouvelle-annee-academique/,https://fr.journalducameroun.com/elim-can-2025-le-cameroun-bat-le-kenya-1-0-a-kampala/,https://fr.journalducameroun.com/cameroun-plusieurs-initiatives-gouvernementales-pour-dynamiser-le-tourisme/
https://fr.journalducameroun.com/le-cameroun-envoie-1070-casques-bleus-en-mission-de-stabilisation-en-centrafrique/,https://fr.journalducameroun.com/dematerialisation-le-gabon-ameliore-son-systeme-digital-de-collecte-de-taxes-et-dimpots/,https://fr.journalducameroun.com/cameroun-une-conference-pour-intensifier-la-lutte-contre-la-desinformation-scientifique/,https://fr.journalducameroun.com/cameroun-kenya-les-lions-indomptables-veulent-consolider-la-place-de-leader-du-groups-j/,https://fr.journalducameroun.com/akere-muna-richard-bona-est-le-joyau-de-la-couronne-de-lunivers-musical-du-cameroun/
https://fr.journalducameroun.com/insecurite-dans-ladamaoua-le-gouverneur-renforce-la-collaboration-entre-population-et-forces-de-securite/,https://fr.journalducameroun.com/senegal-bassirou-diomaye-faye-nomme-son-mentor-oumane-sonko-premier-ministre/,https://fr.journalducameroun.com/cameroun-les-autorites-recherchent-un-individu-deguise-en-gorille-a-belabo/,https://fr.journalducameroun.com/cameroun-charles-noumangue-est-decede/,https://fr.journalducameroun.com/cameroun-la-mannequin-marie-valerie-mozzi-conte-son-histoire-dans-un-ouvrage/
https://fr.journalducameroun.com/cameroun-le-prefet-de-la-manyu-ordonne-la-fermeture-des-bars-et-snacks-des-20h/,https://fr.journalducameroun.com/senegal-les-chantiers-economiques-de-bassirou-diomaye-faye-nouveau-president-de-la-republique/,https://fr.journalducameroun.com/cameroun-le-gouverneur-interdit-la-circulation-des-gros-porteurs-a-don-bosco-mimboman/,https://fr.journalducameroun.com/match-cameroun-kenya-samuel-etoo-offre-500-billets-aux-eleves/,https://fr.journalducameroun.com/dino-mikozil-nous-balade-dans-le-sentier-des-affliges-affranchis/
https://fr.journalducameroun.com/cameroun-un-policier-ecrase-par-un-bus-a-douala/,https://fr.journalducameroun.com/le-president-senegalais-bassirou-diomaye-faye-a-prete-serment-a-diamnadio/,https://fr.journalducameroun.com/cameroun-des-enseignants-duniversites-en-greve/,https://fr.journalducameroun.com/chan-2025-le-cameroun-affrontera-la-rca-lors-des-qualifications/,https://fr.journalducameroun.com/cameroun-labbe-julien-assiga-mvondo-reapparait-plus-dun-mois-apres-sa-disparition/
https://fr.journalducameroun.com/cameroun-la-conac-met-en-garde-contre-le-monnayage-du-recrutement-des-eleves-dans-les-lycees-et-colleges/,https://fr.journalducameroun.com/transport-aerien-kenya-airways-encaisse-ses-premiers-benefices-depuis-sept-ans/,https://fr.journalducameroun.com/cameroun-trois-morts-et-neuf-blesses-dans-un-accident-a-don-bosco-mimboman/,https://fr.journalducameroun.com/football-aurelien-tchouameni-designe-capitaine-des-bleus/,https://fr.journalducameroun.com/le-cameroun-modernise-son-systeme-de-conservation-des-archives/
https://fr.journalducameroun.com/cameroun-lantic-arme-les-magistrats-contre-de-la-cybercriminalite/,https://fr.journalducameroun.com/togo-la-nouvelle-constitution-confie-lelection-du-president-aux-deputes-et-senateurs/,https://fr.journalducameroun.com/cameroun-seduc-des-responsables-de-lenseignement-prive-laic-du-centre-tiennent-leur-assemblee-generale/,https://fr.journalducameroun.com/cameroun-joseph-antoine-bell-fete-son-70e-anniversaire-en-musique/,https://fr.journalducameroun.com/cameroun-la-fete-du-mouton-aura-lieu-le-16-juin/
https://fr.journalducameroun.com/cameroun-un-conducteur-de-moto-tue-un-taxi-incendie-dans-une-attaque-a-buea/,https://fr.journalducameroun.com/presidentielle-au-senegal-le-candidat-du-pouvoir-amadou-ba-felicite-lopposant-bassirou-diomaye-pour-sa-victoire/,https://fr.journalducameroun.com/cameroun-accident-mortel-a-don-bosco-mimboman/,https://fr.journalducameroun.com/la-caf-approuve-deux-stades-la-fecafoot-delocalise-le-match-cameroun-kenya-a-yaounde/,https://fr.journalducameroun.com/cameroun-un-pretre-du-diocese-dobala-porte-disparu-depuis-le-15-mai/
https://fr.journalducameroun.com/justice-le-camerounais-charles-onana-juge-en-france-au-sujet-du-genocide-rwandais/,https://fr.journalducameroun.com/presidentielle-au-senegal-les-tendances-evoluent-en-faveur-de-bassirou-diomaye-faye/,https://fr.journalducameroun.com/cameroun-accident-mortel-pres-de-sangmelima/,https://fr.journalducameroun.com/cameroun-les-lions-indomptables-ont-un-nouveau-staff-cinq-personnalites-ecartees/,https://fr.journalducameroun.com/cameroun-charlotte-fait-son-come-back-sur-scene/
https://fr.journalducameroun.com/cameroun-norvege-le-leader-separatiste-lucas-cho-ayaba-entre-les-mains-de-la-justice/,https://fr.journalducameroun.com/le-fmi-lance-le-processus-de-selection-de-son-prochain-directeur-general/,https://fr.journalducameroun.com/cameroun-un-pretre-abattu-a-mvolye-yaounde/,https://fr.journalducameroun.com/la-fifa-suspend-samuel-etoo-fils-pour-six-mois/,https://fr.journalducameroun.com/cameroun-concert-tenor-et-magasco-en-open-air-ce-week-end/
https://fr.journalducameroun.com/cameroun-738-avocats-stagiaires-pretent-serment-a-yaounde/,https://fr.journalducameroun.com/senegal-le-conseil-constitutionnel-confirme-la-nouvelle-date-de-lelection-presidentielle/,https://fr.journalducameroun.com/excellence-scolaire-au-cameroun-les-qbts-awards-honorent-enseignants-et-eleves/,https://fr.journalducameroun.com/cameroun-narcisse-mouelle-kombi-et-samuel-etoo-comme-deux-amis-au-stade-ahmadou-ahidjo/,https://fr.journalducameroun.com/le-festival-cameroon-fashion-design-seduit-bidoung-mpkwatt/
https://fr.journalducameroun.com/cameroun-23-prisonniers-militants-du-mrc-attendus-devant-la-cour-supreme/,https://fr.journalducameroun.com/mohamed-ould-cheikh-ghazouani-porte-a-la-tete-de-lunion-africaine/,https://fr.journalducameroun.com/cameroun-des-enseignants-du-superieur-menacent-dentrer-en-greve/,https://fr.journalducameroun.com/colombe-du-dja-et-lobo-gagne-sa-premiere-finale-de-la-coupe-du-cameroun/,https://fr.journalducameroun.com/cameroun-nadine-ndjamo-signe-captive/
https://fr.journalducameroun.com/cameroun-lantic-arme-les-magistrats-contre-de-la-cybercriminalite/,https://fr.journalducameroun.com/le-senegal-dans-lattente-de-la-nouvelle-date-de-la-presidentielle/,https://fr.journalducameroun.com/cameroun-crise-anglophone-le-sous-prefet-didabato-dans-le-nord-ouest-enleve/,https://fr.journalducameroun.com/coupe-du-cameroun-la-finale-sannonce-sans-effervescence/,https://fr.journalducameroun.com/cameroun-cinema-eric-akam-veut-raconter-le-kwatt-partout/
https://fr.journalducameroun.com/cameroun-erik-essousse-repond-a-maurice-kamto-sur-les-accusations-de-fraudes-sur-les-listes-electorales/,https://fr.journalducameroun.com/la-rdc-mobilise-1235-millions-pour-regler-ses-arrieres-envers-les-entreprises-petrolieres-en-partenariat-avec-quatre-banques-locales/,https://fr.journalducameroun.com/cameroun-pres-de-200-presumes-delinquants-arretes-a-douala/,https://fr.journalducameroun.com/cameroun-joseph-antoine-bell-celebre-ses-70-ans/,https://fr.journalducameroun.com/cameroun-littoral-une-femme-prend-les-renes-du-village-issondje-2/
https://fr.journalducameroun.com/cameroun-la-classe-politique-condamne-la-torture-de-longue-longue-et-reclame-justice/,https://fr.journalducameroun.com/transport-aerien-les-emirats-arabes-mettent-plus-de-120-milliards-f-dans-la-construction-dun-nouvel-aeroport-a-bangui/,https://fr.journalducameroun.com/cameroun-pluviometrie-celestine-ketcha-courtes-fait-le-point-sur-les-eboulements-survenus-a-louest-recemment/,https://fr.journalducameroun.com/cameroun-me-claude-assira-soutient-samuel-etoo-dans-son-combat-pour-le-respect-des-lois/,https://fr.journalducameroun.com/le-groupe-empire-presente-la-seconde-edition-du-festival-international-des-arts-du-benin/
https://fr.journalducameroun.com/cameroun-lupc-faction-bapooh-lipod-recue-par-le-premier-ministre/,https://fr.journalducameroun.com/can-2023-la-cote-divoire-joue-sa-la-qualification-ce-soir/,https://fr.journalducameroun.com/comment-enregistrer-et-verifier-un-compte-sur-888starz/,https://fr.journalducameroun.com/cameroun-namibie-la-fecafoot-delocalise-le-match-a-garoua/,https://fr.journalducameroun.com/cameroun-haman-mana-conte-sa-carriere-dans-un-livre/
https://fr.journalducameroun.com/presidentielle-2025-lupc-contre-lupc/,https://fr.journalducameroun.com/financement-coris-bank-obtient-plus-de-41-milliards-f-pour-soutenir-5-pme-en-afrique-de-louest/,https://fr.journalducameroun.com/cameroun-letudiante-melanie-amougou-sauve-un-enfant-et-meurt-ecrasee/,https://fr.journalducameroun.com/le-match-cameroun-namibie-du-7-septembre-se-jouera-a-yaounde-gouvernement/,https://fr.journalducameroun.com/cameroun-le-cardinal-robert-sarah-ordonne-12-nouveaux-pretres/
https://fr.journalducameroun.com/cameroun-pcrn-la-cour-dappel-de-lextreme-nord-deboute-robert-kona/,https://fr.journalducameroun.com/finance-la-badea-entre-dans-le-capital-de-la-boad/,https://fr.journalducameroun.com/cameroun-le-ministre-jacques-fame-ndongo-fixe-lobjectif-de-lannee-academique-2024-2025/,https://fr.journalducameroun.com/cameroun-thierry-ndoh-rejette-les-accusations-de-marc-brys/,https://fr.journalducameroun.com/cameroun-le-rappeur-izmo-le-rapologue-est-mort/
https://fr.journalducameroun.com/cameroun-cabral-libii-propose-deux-modalites-de-coalition-avant-la-presidentielle-de-2025/,https://fr.journalducameroun.com/tchad-promulgation-de-la-nouvelle-constitution-demission-du-gouvernement/,https://fr.journalducameroun.com/cameroun-yaounde-celebre-leau-potable/,https://fr.journalducameroun.com/cameroun-marc-brys-reclame-une-collaboration-pacifique-avec-la-fecafoot/,https://fr.journalducameroun.com/cameroun-bibliotheque-un-appel-au-bien-etre-des-femmes/
https://fr.journalducameroun.com/inscriptions-sur-les-listes-electorales-maurice-kamto-felicite-le-peuple-camerounais/,https://fr.journalducameroun.com/nigeria-plus-de-160-personnes-tuees-au-centre-du-pays/,https://fr.journalducameroun.com/cameroun-300-000-m3-j-deau-pour-combler-le-deficit-en-approvisionnement-a-yaounde/,https://fr.journalducameroun.com/match-cameroun-namibie-tout-se-fera-a-douala-fecafoot/,https://fr.journalducameroun.com/comedie-mamane-en-spectacle-au-cameroun/
https://fr.journalducameroun.com/banda-kani-recommande-dinvoquer-dieu-pour-exorciser-le-cameroun/,https://fr.journalducameroun.com/apres-le-cameroun-oligui-nguema-attendu-au-sommet-de-la-ceeac-a-malabo/,https://fr.journalducameroun.com/cameroun-la-conac-lance-la-campagne-contre-la-corruption-en-periode-de-rentree-scolaire/,https://fr.journalducameroun.com/cameroun-namibie-la-fecafoot-rejette-la-proposition-de-lonies-de-delocaliser-le-match-a-yaounde/,https://fr.journalducameroun.com/cameroun-le-rappeur-americain-buzzy-reprend-la-chanson-de-m-ney/
https://fr.journalducameroun.com/cameroun-parlement-la-session-budgetaire-convoquee-le-12-novembre/,https://fr.journalducameroun.com/changements-climatiques-lancement-des-activites-de-la-cop28-a-dubai-cameroun/,https://fr.journalducameroun.com/cameroun-les-arts-cinematographiques-introduits-au-secondaire/,https://fr.journalducameroun.com/cameroun-namibie-lonies-propose-de-delocaliser-le-match-prevu-a-japoma/,https://fr.journalducameroun.com/cameroun-le-jeune-du-mois-de-ramadan-debutera-le-11-ou-le-12-mars/
https://fr.journalducameroun.com/les-nations-unies-offrent-lassistance-au-cameroun-lors-des-prochaines-elections/,https://fr.journalducameroun.com/congo-la-bad-octroie-un-pret-de-60-milliards-f-pour-soutenir-la-diversification-de-leconomie/,https://fr.journalducameroun.com/cameroun-un-presume-escroc-presente-a-la-presse/,https://fr.journalducameroun.com/4marc-brys-attaque-samuel-etoo-les-camerounais-contre-attaquent/,https://fr.journalducameroun.com/cameroun-le-prix-du-hadj-2024-en-hausse-de-33-100/
https://fr.journalducameroun.com/paul-biya-de-retour-au-cameroun-49-jours-apres-son-depart/,https://fr.journalducameroun.com/gabon-le-paiement-des-salaires-des-agents-publics-se-fera-uniquement-par-virement-bancaire/,https://fr.journalducameroun.com/afrique-les-jeunes-ont-investi-plus-de-1561-milliards-f-dans-les-paris-sportifs-en-2023/,https://fr.journalducameroun.com/cameroun-patrice-motsepe-recommande-la-synergie-dans-les-relations-entre-la-fecafoot-et-au-gouvernement/,https://fr.journalducameroun.com/conference-mondiale-sur-leducation-le-cameroun-represente-par-le-ministre-de-la-culture/
https://fr.journalducameroun.com/cameroun-le-president-paul-biya-annonce-a-yaounde-cet-apres-midi/,https://fr.journalducameroun.com/tchad-la-bad-octroie-plus-de-20-milliards-de-f-pour-offrir-de-leau-potable-aux-populations/,https://fr.journalducameroun.com/cameroun-une-portion-de-route-bonepoupa-yabassi-seffondre-apres-livraison-du-chantier/,https://fr.journalducameroun.com/joel-embiid-fait-commandeur-de-lordre-de-la-valeur-au-cameroun/,https://fr.journalducameroun.com/les-chretiens-du-cameroun-entrent-en-careme/
https://fr.journalducameroun.com/cameroun-elecam-annonce-la-publication-des-listes-electorales-provisoires/,https://fr.journalducameroun.com/zimbabwe-letat-durgence-declare-a-harare-apres-une-forte-contamination-au-cholera/,https://fr.journalducameroun.com/cameroun-accident-mortel-finexs-voyages-donne-sa-version-des-faits/,https://fr.journalducameroun.com/cameroun-championnats-national-de-football-le-bilan-des-salaires-du-mois-de-juin-rendu-public/,https://fr.journalducameroun.com/cameroun-mintoumba-annonce-le-retour-de-la-bataille-des-cheries/
https://fr.journalducameroun.com/cameroun-la-ceremonie-de-prieres-en-faveur-de-paul-biya-reportee/,https://fr.journalducameroun.com/pret-immobilier-vista-bank-guinee-recoit-plus-de-7-milliards-de-fcfa/,https://fr.journalducameroun.com/cameroun-deux-personnes-tuees-dans-un-accident-de-la-circulation/,https://fr.journalducameroun.com/cameroun-narcisse-mouelle-kombi-issa-hayatou-etait-une-personnalite-magnetique-et-attachante/,https://fr.journalducameroun.com/les-eveques-du-cameroun-en-seminaire-annuel-a-maroua/
https://fr.journalducameroun.com/cameroun-des-prieres-organisees-pour-le-chef-de-letat-paul-biya/,https://fr.journalducameroun.com/gabon-sylvia-bongo-placee-sous-mandat-de-depot-a-la-prison-de-libreville/,https://fr.journalducameroun.com/cameroun-accident-mortel-impliquant-finexs-voyages/,https://fr.journalducameroun.com/le-monde-du-football-salue-la-memoire-de-issa-hayatou-ancien-president-de-la-caf-decede/,https://fr.journalducameroun.com/celebration-en-litterature-de-la-relation-cameroun-etats-unis/
https://fr.journalducameroun.com/cameroun-interdiction-des-debats-sur-la-sante-du-chef-de-letat-jean-michel-nintcheu-sen-prend-a-paul-atanga-nji/,https://fr.journalducameroun.com/cote-divoire-le-president-alassane-ouattara-limoge-le-premier-ministre-et-tout-le-gouvernement/,https://fr.journalducameroun.com/cameroun-des-habitants-de-toukou-manifestent-devant-la-prison-de-yagoua/,https://fr.journalducameroun.com/le-camerounais-issa-hayatou-est-decede-en-france/,https://fr.journalducameroun.com/dena-messe-oecumenique-pour-rendre-hommage-aux-disparus/
https://fr.journalducameroun.com/cameroun-le-maire-deseka-brutalise-a-l-arme-par-le-commissaire/,https://fr.journalducameroun.com/burkina-faso-tentative-de-coup-detat-dejouee-quatre-officiers-interpelles/,https://fr.journalducameroun.com/cameroun-le-reseau-national-des-consommateurs-propose-la-suppression-des-frais-dapee-dans-les-lycees/,https://fr.journalducameroun.com/les-chances-de-francis-ngannou-face-a-renan-ferreira/,https://fr.journalducameroun.com/cameroun-la-fouine-et-dadju-en-concert-a-yaounde/
https://fr.journalducameroun.com/cameroun-paul-atanga-nji-interdit-tout-debat-sur-letat-du-president-paul-biya-dans-les-medias-prives/,https://fr.journalducameroun.com/gabon-noureddin-bongo-envoye-en-prison/,https://fr.journalducameroun.com/alerte-nouvelle-saison-de-disparition-denfants-au-cameroun/,https://fr.journalducameroun.com/cameroun-fin-de-partenariat-entre-la-fecafoot-et-one-all-sports/,https://fr.journalducameroun.com/cameroun-eglise-catholique-interdiction-formelle-de-benir-des-couples-homosexuels/
https://fr.journalducameroun.com/cameroun-ce-que-prevoit-la-constitution-en-cas-de-vacance-de-la-presidence-de-la-republique/,https://fr.journalducameroun.com/transport-aerien-africa-united-airlines-sinstalle-au-gabon/,https://fr.journalducameroun.com/cameroun-la-rentree-scolaire-2024-2025-est-renvoyee/,https://fr.journalducameroun.com/jo-paris-2024-zero-medaille-pour-le-cameroun-meme-apres-repechage-de-linda-angounou/,https://fr.journalducameroun.com/les-tresors-culturels-du-cameroun-et-leur-rayonnement-moderne/
https://fr.journalducameroun.com/cameroun-deces-du-chef-de-letat-il-sagit-dune-nouvelle-denuee-de-tout-fondement-jacques-fame-ndongo/,https://fr.journalducameroun.com/transport-aerien-volotea-detrone-air-france-et-devient-champion-des-vols-domestiques-en-france/,https://fr.journalducameroun.com/jo-paris-2024-les-causes-politiques-de-la-mauvaise-performance-du-cameroun/,https://fr.journalducameroun.com/cameroun-la-fecafoot-devoile-les-poules-des-interpoules/,https://fr.journalducameroun.com/cameroun-clara-madoua-mbani-designee-miss-kolo-magazine-2024/
https://fr.journalducameroun.com/cameroun-le-silence-de-paul-biya-fait-grand-bruit/,https://fr.journalducameroun.com/congo-brazzaville-le-gouvernement-dement-la-rumeur-dun-coup-detat/,https://fr.journalducameroun.com/performances-academiques-luniversite-de-dschang-classee-1ere-en-zone-cemac/,https://fr.journalducameroun.com/le-camerounais-ambroise-oyongo-relance-sa-carriere-en-france/,https://fr.journalducameroun.com/cameroun-nguon-le-peuple-bamoun-prepare-le-retour-triomphal-de-son-roi-du-botswana/
https://fr.journalducameroun.com/cameroun-calixte-beyala-ou-est-le-president-paul-biya/,https://fr.journalducameroun.com/senegal-presidentielle-2024-macky-sall-designe-amadou-ba-candidat-du-camp-presidentiel/,https://fr.journalducameroun.com/yaounde-le-bebe-vole-a-ekoumdoum-retrouve-a-nkoabang/,https://fr.journalducameroun.com/cameroun-basket-ball-clap-de-fin-du-championnat-national/,https://fr.journalducameroun.com/cameroun-unesco-le-nguon-inscrit-au-patrimoine-culturel-immateriel-de-lhumanite/
https://fr.journalducameroun.com/le-camerounais-hilarion-etong-participe-au-sommet-de-la-francophonie-en-france/,https://fr.journalducameroun.com/seisme-au-maroc-deja-plus-de-2200-morts/,https://fr.journalducameroun.com/cameroun-lactiviste-junior-ngombe-declare-admissible-au-concours-de-la-police/,https://fr.journalducameroun.com/le-camerounais-francis-ngannou-fait-son-retour-en-mma/,https://fr.journalducameroun.com/la-cite-historique-de-ouidah-accueille-les-vodun-days-les-9-et-10-janvier-2024/
https://fr.journalducameroun.com/cameroun-le-mrc-condamne-la-scene-de-mise-a-mort-de-maurice-kamto/,https://fr.journalducameroun.com/senegal-letat-veut-racheter-societe-generale/,https://fr.journalducameroun.com/cameroun-region-du-centre-09-ecoles-publiques-fermees-faute-denseignants/,https://fr.journalducameroun.com/football-le-binational-nathan-ngoumou-nouvelle-trouvaille-de-marc-brys/,https://fr.journalducameroun.com/cameroun-necrologie-les-hommage-rendus-corry/
https://fr.journalducameroun.com/cameroun-le-sous-prefet-interdit-la-tenue-du-congres-du-pcrn-a-kribi/,https://fr.journalducameroun.com/category/international/apo/?q=superbridge-summit-2024-successfully-concludes-driving-trade-and-investment-partnerships-in-global-south&pr=321755&lang=fr,https://fr.journalducameroun.com/cameroun-crise-anglophone-ladjointe-au-maire-de-bamenda-assassinee/,https://fr.journalducameroun.com/les-joueurs-camerounais-a-jamais-populaires-en-europe/,https://fr.journalducameroun.com/la-france-sinteresse-au-patrimoine-culturel-du-cameroun/
https://fr.journalducameroun.com/cameroun-six-morts-dans-une-attaque-a-bamenda/,https://fr.journalducameroun.com/category/international/apo/?q=gebeya-to-upskill-ecosystem-of-50000-developers-with-nvidia&pr=322198&lang=fr,https://fr.journalducameroun.com/cameroun-un-incendie-reduit-une-vingtaine-de-boutiques-en-cendres-au-marche-central-de-yaounde/,https://fr.journalducameroun.com/football-le-senegal-prend-sa-revanche-sur-le-cameroun/,https://fr.journalducameroun.com/cameroun-allemagne-echange-culturel-a-bangoua/
https://fr.journalducameroun.com/cameroun-andre-noel-essian-nomme-secretaire-general-de-lassemblee-nationale/,https://fr.journalducameroun.com/category/international/apo/?q=ge-vernova-provides-gridosr-orchestration-software-to-help-west-african-power-pool-wapp-facilitate-energy-exchange-among-its-member-states&pr=321675&lang=fr,https://fr.journalducameroun.com/cameroun-elle-meurt-au-cours-de-la-celebration-de-son-mariage/,https://fr.journalducameroun.com/quest-ce-que-lairsoft-et-les-repliques-airsoft/,https://fr.journalducameroun.com/eglise-evangelique-du-cameroun-les-actes-de-reconciliation-de-marcel-niat-salues/
https://fr.journalducameroun.com/cameroun-resultats-definitifs-du-concours-de-la-police-2022-disponibles/,https://fr.journalducameroun.com/category/international/apo/?q=time-to-tap-central-africas-hydrocarbon-wealth-with-more-oil-and-gas-production-says-african-energy-chamber-aec-at-central-africa-business-energy-forum-cabef&pr=321579&lang=fr,https://fr.journalducameroun.com/cameroun-joseph-le-place-la-carriere-des-agents-de-letat-au-centre-des-attentions/,https://fr.journalducameroun.com/cameroun-basketball-joel-embiid-choisit-les-etats-unis/,https://fr.journalducameroun.com/jeux-de-la-francophonie-culture-neuf-artistes-camerounais-en-lice/
https://fr.journalducameroun.com/cameroun-un-leader-separatiste-revendique-lattaque-de-bamenyam/,https://fr.journalducameroun.com/category/international/apo/?q=turkiyes-tech-leader-kocsistem-expands-reach-at-gitex-dubai&pr=321495&lang=fr,https://fr.journalducameroun.com/cameroun-de-nouvelles-disciplines-techniques-et-pratiques-dans-lenseignement-general/,https://fr.journalducameroun.com/cameroun-grand-prix-cycliste-chantal-biya-yacine-hamza-remporte-la-deuxieme-etape/,https://fr.journalducameroun.com/cameroun-vanister-presente-ses-excuses/
https://fr.journalducameroun.com/cameroun-pcrn-cabral-libii-attendu-au-tribunal/,https://fr.journalducameroun.com/category/international/apo/?q=afreximbank-enters-deal-for-eur-245-million-facility-with-new-world-television-nwtv-for-african-sports-broadcast-rights-acquisition&pr=321387&lang=fr,https://fr.journalducameroun.com/cameroun-rentree-scolaire-une-eleve-tuee-a-kumba/,https://fr.journalducameroun.com/la-coupe-du-monde-2030-se-disputera-dans-six-pays-et-sur-trois-continents/,https://fr.journalducameroun.com/la-camerounaise-vernyuy-tina-elue-meilleure-artiste-feminine-dafrique-centrale/
https://fr.journalducameroun.com/cameroun-neuf-civils-tues-dans-une-attaque-a-louest/,https://fr.journalducameroun.com/category/international/apo/?q=inclusion-sociale-des-personnes-handicapees-par-le-sport&pr=321287&lang=fr,https://fr.journalducameroun.com/cameroun-le-mintransports-lance-une-campagne-digitale-contre-la-surcharge-a-moto/,https://fr.journalducameroun.com/cameroun-frank-magri-la-nouvelle-trouvaille-de-rigobert-song/,https://fr.journalducameroun.com/le-peuple-bamoun-celebre-au-maroc/
https://fr.journalducameroun.com/cameroun-des-opposants-dessinent-les-contours-dune-coalition-contre-paul-biya/,https://fr.journalducameroun.com/category/international/apo/?q=why-social-engineering-is-still-the-top-cybersecurity-threat--and-what-to-do-about-it-by-anna-collard&pr=321123&lang=fr,https://fr.journalducameroun.com/cameroun-regions-rentree-scolaire-sans-incidents-majeurs/,https://fr.journalducameroun.com/cameroun-grand-prix-chantal-biya-achraf-ed-doghmy-premier-maillot-jaune/,https://fr.journalducameroun.com/cameroun-le-pere-christophe-mvogo-sinstalle-en-france/
https://fr.journalducameroun.com/cameroun-elecam-paul-biya-renouvelle-le-mandat-de-erik-essousse/,https://fr.journalducameroun.com/category/international/apo/?q=sport-a-la-base--le-festinal-national-des-sports-et-des-loisirs-edition-2024-prend-ses-quartiers&pr=321071&lang=fr,https://fr.journalducameroun.com/cameroun-rentree-scolaire-2023-deux-enseignants-tues-dans-le-nord-ouest/,https://fr.journalducameroun.com/cameroun-la-fifa-va-construire-un-centre-dexcellence/,https://fr.journalducameroun.com/le-testament-spirituel-de-benoit-xvi-decede-le-31-decembre-2022/
https://fr.journalducameroun.com/cameroun-ile-maurice-modalites-pratiques-dacces-au-stade/,https://fr.journalducameroun.com/category/international/apo/?q=peugeot-completes-its-ev-lineup-with-the-new-peugeot-e408-unexpected-from-every-angle-100-electric&pr=320071&lang=fr,https://fr.journalducameroun.com/cameroun-8-millions-deleves-reprennent-le-chemin-de-lecole/,https://fr.journalducameroun.com/cameroun-mma-a-la-decouverte-du-camerounais-cedric-doumbe/,https://fr.journalducameroun.com/assomption-la-journee-de-lundi-15-aout-est-feriee-au-cameroun/
https://fr.journalducameroun.com/cameroun-enjeux-du-premier-congres-ordinaire-du-pcrn/,https://fr.journalducameroun.com/category/international/apo/?q=telecoming-partners-with-movement-empire-to-deliver-premium-online-workout-content-in-south-africa&pr=320323&lang=fr,https://fr.journalducameroun.com/cameroun-le-prefet-du-mfoundi-impose-le-retour-du-numero-de-portiere-sur-les-taxis/,https://fr.journalducameroun.com/cameroun-coton-sport-remporte-ledition-2023-de-la-super-coupe/,https://fr.journalducameroun.com/cameroun-le-diocese-de-mbalmayo-celebre-les-journees-nationales-des-jeunes/
https://fr.journalducameroun.com/cameroun-cabral-libii-presente-le-tableau-sombre-de-la-gouvernance-du-rdpc/,https://fr.journalducameroun.com/category/international/apo/?q=cameroons-energy-future-societe-nationale-des-hydrocarbures-snh-to-present-investment-opportunities-at-african-energy-week-aew-2024&pr=320435&lang=fr,https://fr.journalducameroun.com/cameroun-voici-le-calendrier-de-lannee-scolaire-2023-2024/,https://fr.journalducameroun.com/cameroun-fovu-et-coton-sport-vont-a-la-conquete-de-la-super-coupe/,https://fr.journalducameroun.com/cameroun-le-diocese-de-mbalmayo-accueille-3-nouveaux-pretres-et-5-nouveaux-diacres/
https://fr.journalducameroun.com/cameroun-ngaoundere-la-cour-royale-demande-la-destitution-du-lamido-pour-consommation-dalcool-et-adultere/,https://fr.journalducameroun.com/category/international/apo/?q=elevate-your-2025-celebration-with-frontrow-views-and-entertainment-emaars-exclusive-burj-park-nye-experience-awaits&pr=320623&lang=fr,https://fr.journalducameroun.com/cameroun-six-instituts-universitaires-sanctionnes/,https://fr.journalducameroun.com/can-2025-le-maroc-pays-organisateur-officiel/,https://fr.journalducameroun.com/cameroun-islam-la-fete-de-la-tabaski-aura-lieu-le-09-juillet-2022/
https://fr.journalducameroun.com/cameroun-mrc-maurice-kamto-de-nouveau-candidat-a-la-tete-du-mrc/,https://fr.journalducameroun.com/category/international/apo/?q=sport--le-benin-porte-au-pinacle-ses-heros&pr=320675&lang=fr,https://fr.journalducameroun.com/cameroun-mamoudou-abdoulmoumini-nouveau-recteur-de-luniversite-de-ngaoundere/,https://fr.journalducameroun.com/can-feminine-maroc-2024-le-cameroun-elimine/,https://fr.journalducameroun.com/cameroun-hajj-2022-au-moins-500-pelerins-sont-a-medine/
https://fr.journalducameroun.com/cameroun-crise-anglophone-17-organisations-demandent-louverture-dune-enquete-sur-les-crimes-commis/,https://fr.journalducameroun.com/category/international/apo/?q=national-basketball-association-nba-app-launches-new-digital-features-highlighted-by-multiview-ahead-of-the-202425-season&pr=320639&lang=fr,https://fr.journalducameroun.com/cameroun-crise-anglophone-des-leaders-religieux-appellent-les-acteurs-a-laisser-les-enfants-retourner-a-lecole/,https://fr.journalducameroun.com/cameroun-samuel-etoo-a-la-fecafoot-nous-faisons-un-travail-de-fond-pour-reduire-lattractivite-de-lexil/,https://fr.journalducameroun.com/cameroun-hajj-2022-lheure-du-pelerinage-a-la-mecque-approche/
https://fr.journalducameroun.com/cameroun-presidentielle-2025-369-partis-politiques-sur-la-scene/,https://fr.journalducameroun.com/category/international/apo/?q=internet-society-events-highlight-the-importance-of-encryption-for-online-safety-and-security&pr=320751&lang=fr,https://fr.journalducameroun.com/cameroun-recommandations-de-la-commission-des-droits-de-lhomme-sur-lorientation-scolaire/,https://fr.journalducameroun.com/cameroun-samuel-etoo-a-la-tribune-de-lonu/,https://fr.journalducameroun.com/cameroun-paul-biya-debloque-un-milliard-de-francs-pour-le-hadj-2022/
https://fr.journalducameroun.com/cameroun-40-nouveaux-partis-politiques-agrees/,https://fr.journalducameroun.com/category/international/apo/?q=yellow-card-closes-us33m-series-c-funding-round-led-by-blockchain-capital-to-further-accelerate-growth&pr=320767&lang=fr,https://fr.journalducameroun.com/cameroun-colere-des-enseignants-ots-enonce-deux-conditions-de-sortie-de-greve/,https://fr.journalducameroun.com/coupe-du-cameroun-2023-le-triomphe-de-fovu-de-baham/,https://fr.journalducameroun.com/cameroun-plus-de-3-200-000-fcfa-a-debourser-par-pelerin-pour-le-hadj-2022/
https://fr.journalducameroun.com/cameroun-massacre-de-mamfe-la-commission-des-droits-de-lhomme-condamne-la-barbarie-terroriste/,https://fr.journalducameroun.com/category/international/apo/?q=onlyoffice-docs-82-released-with-pdf-collaborative-editing-revamped-interface-optimized-performance-rtl-in-sheets-and-more&pr=320759&lang=fr,https://fr.journalducameroun.com/cameroun-environ-12-500-enfants-sans-acte-de-naissance-chaque-annee-a-lest/,https://fr.journalducameroun.com/cameroun-football-la-repartition-des-poules-du-championnat-delite/,https://fr.journalducameroun.com/cameroun-la-conference-episcopale-nationale-a-un-nouveau-president/
https://fr.journalducameroun.com/cameroun-assemblee-nationale-marguerite-abomo-fama-est-morte/,https://fr.journalducameroun.com/category/international/apo/?q=binance-expands-crypto-access-in-west-and-central-africa-with-mobile-money-integration&pr=320803&lang=fr,https://fr.journalducameroun.com/cameroun-la-conac-mene-une-bataille-contre-la-corruption-dans-les-ecoles/,https://fr.journalducameroun.com/can-feminine-maroc-2024-maigre-avance-du-cameroun/,https://fr.journalducameroun.com/cameroun-le-milliardaire-patrice-motsepe-offre-plus-de-230-millions-de-fcfa-a-deux-confessions-religieuses/
https://fr.journalducameroun.com/cameroun-assemblee-nationale-deux-nominations-secouent-la-toile/,https://fr.journalducameroun.com/category/international/apo/?q=domiciliation-des-donnees-locales--un-appel-a-lapplication-de-la-loi-pour-proteger-leconomie-numerique-de-la-cote-divoire&pr=319987&lang=fr,https://fr.journalducameroun.com/cameroun-pres-de-500-ecoles-privees-clandestines-fermees-dans-six-regions/,https://fr.journalducameroun.com/ligue-des-champions-le-coach-de-manchester-united-naccable-pas-andre-onana/,https://fr.journalducameroun.com/yaounde-larcheveque-jean-mbarga-appelle-au-dialogue-pour-stopper-la-crise-dans-le-noso-cameroun/
https://fr.journalducameroun.com/cameroun-massacre-de-mamfe-paul-biya-promet-de-punir-les-coupables/,https://fr.journalducameroun.com/category/international/apo/?q=flapmax-announces-inaugural-hpc-ai-forum-to-accelerate-ai-hpc-and-quantum-innovation-across-africa&pr=319887&lang=fr,https://fr.journalducameroun.com/cameroun-le-prefet-interdit-les-baignades-en-mer-a-kribi/,https://fr.journalducameroun.com/can-2023-le-cameroun-dans-le-deuxieme-chapeau-du-tirage-au-sort/,https://fr.journalducameroun.com/cameroun-atanga-nji-interdit-a-certaines-associations-dannoncer-la-fete-du-ramadan/
https://fr.journalducameroun.com/cameroun-parlement-une-session-aux-enjeux-multiples/,https://fr.journalducameroun.com/category/international/apo/?q=the-artificial-intelligence-ai-revolution-a-doubleedged-sword-for-children&pr=319851&lang=fr,https://fr.journalducameroun.com/le-cameroun-censure-a-son-tour-le-film-barbie/,https://fr.journalducameroun.com/cameroun-la-lente-descente-aux-enfers-de-paul-georges-ntep/,https://fr.journalducameroun.com/cameroun-inhumation-du-cardinal-christian-tumi-ce-20-avril-2021-cameroun/
https://fr.journalducameroun.com/cameroun-crise-anglophone-des-acteurs-appellent-a-la-recherche-dune-solution-definitive/,https://fr.journalducameroun.com/category/international/apo/?q=congo-talks-gas-code-angola-relations-ahead-of-energy-forum-in-2025&pr=319339&lang=fr,https://fr.journalducameroun.com/cameroun-universite-de-yaounde-i-apres-licenciement-des-enseignants-affaire-portee-en-justice/,https://fr.journalducameroun.com/can-cote-divoire-2023-les-24-equipes-qualifiees-connus/,https://fr.journalducameroun.com/cameroun-un-emissaire-du-pape-pour-installer-larcheveque-de-bamenda-et-plaider-la-paix/
https://fr.journalducameroun.com/cameroun-garoua-celebre-lan-41-de-paul-biya-au-pouvoir/,https://fr.journalducameroun.com/category/international/apo/?q=comoros-african-development-bank-grants-over-9-million-euros-for-digitizing-the-comorian-economy&pr=319195&lang=fr,https://fr.journalducameroun.com/cameroun-flambee-des-prix-lancement-dune-vente-promotionnelle-des-fournitures-scolaires/,https://fr.journalducameroun.com/cameroun-burundi-3-0-le-jeu-et-les-notes-des-lions-onana-heroique/,https://fr.journalducameroun.com/cameroun-fete-de-la-tabaski-la-covid-19-fait-annuler-la-priere-dans-les-lieux-publics-cameroun/
https://fr.journalducameroun.com/cameroun-le-gouvernement-condamne-le-massacre-de-25-civils-a-mamfe/,https://fr.journalducameroun.com/category/international/apo/?q=introducing-the-sports-africa-investment-summit-seize-the-opportunity-to-shape-africas-sports-future&pr=319127&lang=fr,https://fr.journalducameroun.com/cameroun-enseignement-superieur-le-gouvernement-fixe-le-calendrier-academique-2023-2024/,https://fr.journalducameroun.com/can-2023-le-cameroun-se-qualifie-dans-la-douleur/,https://fr.journalducameroun.com/cameroun-la-fete-du-mouton-sera-celebree-le-31-juillet-prochain-cameroun/
https://fr.journalducameroun.com/41eme-anniversaire-de-laccession-de-paul-biya-au-pouvoir-le-rdpc-mobilise-ses-troupes-pour-la-presidentielle-de-2025/,https://fr.journalducameroun.com/category/international/apo/?q=the-after-exxon-begins-new-oil-and-gas-chapter-for-equatorial-guinea-by-antonio-oburu-ondo&pr=319119&lang=fr,https://fr.journalducameroun.com/cameroun-la-compagnie-touristique-express-sa-suspendue/,https://fr.journalducameroun.com/chan-volley-ball-messieurs-le-cameroun-elimine-en-demi-finale-par-legypte/,https://fr.journalducameroun.com/cameroun-covid-19-pas-de-hadj-2020-pour-la-communaute-musulmane-cameroun/
https://fr.journalducameroun.com/cameroun-plus-de-2000-militants-de-lopposition-integrent-le-rdpc/,https://fr.journalducameroun.com/category/international/apo/?q=ivorian-fintech-daba-finance-crowned-2024-ecobank-fintech-challenge-winner-taking-home-us50000&pr=319047&lang=fr,https://fr.journalducameroun.com/cameroun-recrutement-des-eleves-un-delegue-regional-interdit-dimposer-certaines-conditions-aux-parents/,https://fr.journalducameroun.com/mercato-nicolas-nkoulou-a-trouve-un-nouveau-club/,https://fr.journalducameroun.com/cameroun-fete-du-ramadan-a-minima-pour-cause-de-coronavirus-cameroun/
https://fr.journalducameroun.com/cameroun-le-rdpc-en-fete-malgre-le-massacre-de-mamfe/,https://fr.journalducameroun.com/category/international/apo/?q=network-international-establishes-presence-in-morocco-strengthening-strategic-expansion-in-francophone-africa&pr=318899&lang=fr,https://fr.journalducameroun.com/cameroun-rentree-scolaire-2023-2024-des-enseignants-du-secondaire-menacent/,https://fr.journalducameroun.com/cameroun-burundi-probable-onze-entrants-des-lions/,https://fr.journalducameroun.com/cameroun-diocese-de-bafia-je-suis-pret-pour-le-challenge-mgr-emmanuel-dassi-youfang-cameroun/
https://fr.journalducameroun.com/cameroun-vent-de-condamnations-suite-au-massacre-de-25-personnes-a-mamfe/,https://fr.journalducameroun.com/category/international/apo/?q=african-petroleum-producers-organizations-appo-omar-farouk-ibrahim-to-receive-mohammed-s-barkindo-lifetime-achievement-award-at-african-energy-week-aew-2024&pr=318835&lang=fr,https://fr.journalducameroun.com/cameroun-fridolin-nke-licencie-de-luniversite-de-yaounde-i/,https://fr.journalducameroun.com/cameroun-burundi-rigobert-song-en-danger/,https://fr.journalducameroun.com/cameroun-voici-le-successeur-de-feu-mgr-benoit-balla/
https://fr.journalducameroun.com/cameroun-des-crises-securitaires-persistent/,https://fr.journalducameroun.com/category/international/apo/?q=national-basketball-association-nba-africa-announces-four-prizewinning-companies-at-first-startup-accelerator-demo-day&pr=318759&lang=fr,https://fr.journalducameroun.com/cameroun-les-jeunes-sensibilises-sur-les-bienfaits-de-la-protection-de-lenvironnement/,https://fr.journalducameroun.com/basketball-jo-paris-2024-le-camerounais-joel-embiid-a-lembarras-du-choix/,https://fr.journalducameroun.com/cameroun-16/
https://fr.journalducameroun.com/cameroun-paul-biya-totalise-41-ans-de-progres-et-dechecs/,https://fr.journalducameroun.com/category/international/apo/?q=basketball-africa-league-and-speak-up-africa-launch-second-edition-of-womens-mentorship-program&pr=318623&lang=fr,https://fr.journalducameroun.com/cameroun-paul-biya-declare-le-lundi-14-aout-jour-ferie/,https://fr.journalducameroun.com/vip-ibc-la-plateforme-de-paris-avec-option-de-depot-en-crypto-monnaie/,https://fr.journalducameroun.com/cameroun-covid-19-resurrection-de-jesus-christ-en-contexte-de-crise/
https://fr.journalducameroun.com/le-cameroun-accueille-la-conference-ministerielle-de-la-francophonie/,https://fr.journalducameroun.com/category/international/apo/?q=control-risks-and-oxford-economics-africa-launch-the-2024-africa-riskreward-index-opportunity-through-transformation&pr=318659&lang=fr,https://fr.journalducameroun.com/cameroun-plus-de-1-300-candidats-sanctionnes-aux-examens-du-sous-systeme-anglophone/,https://fr.journalducameroun.com/comment-maximiser-ses-gains-dans-les-paris-sportifs/,https://fr.journalducameroun.com/cameroun-lartiste-sabrina-love-fait-un-carton/
https://fr.journalducameroun.com/cameroun-le-rdpc-prepare-le-41e-anniversaire-du-renouveau/,https://fr.journalducameroun.com/category/international/apo/?q=infobip-nokia-and-gsma-demonstrate-benefits-of-network-application-programming-interfaces-apis-at-industryleading-developer-conference-shift&pr=318615&lang=fr,https://fr.journalducameroun.com/cameroun-un-retour-probable-en-geole-pour-ernest-obama/,https://fr.journalducameroun.com/comment-acceder-aux-meilleures-cotes-de-paris-en-ligne/,https://fr.journalducameroun.com/cameroun-musique-martins-au-rythme-de-la-progression/
https://fr.journalducameroun.com/cameroun-le-rdpc-veut-consolider-ses-acquis-a-louest/,https://fr.journalducameroun.com/category/international/apo/?q=colendi-ai-introduces-colendimind-democratizing-access-to-ai-in-financial-services&pr=317927&lang=fr,https://fr.journalducameroun.com/cameroun-six-morts-dans-un-accident-a-doume/,https://fr.journalducameroun.com/bet-ibc-la-plateforme-de-paris-en-ligne-pour-tous-les-adeptes-de-crypto-monnaie-au-cameroun/,https://fr.journalducameroun.com/cameroun-islam-debut-du-mois-de-ramadan-fixe-officiel/
https://fr.journalducameroun.com/la-coree-du-sud-sollicite-le-soutien-du-cameroun-pour-lexpo-2030/,https://fr.journalducameroun.com/category/international/apo/?q=reliance-on-social-media-for-news-makes-africans-vulnerable-to-disinformation-survey-finds&pr=317923&lang=fr,https://fr.journalducameroun.com/cameroun-09-morts-et-24-blesses-dans-un-accident-a-la-falaise-du-mbe/,https://fr.journalducameroun.com/pourquoi-choisir-la-crypto-monnaie-pour-vos-paris-en-ligne/,https://fr.journalducameroun.com/des-descendants-afro-americains-retrouvent-leur-lignee-ancestrale-au-cameroun/
https://fr.journalducameroun.com/cameroun-paul-biya-cree-un-comite-de-coordination-des-politiques-de-lutte-contre-le-financement-du-terroriste/,https://fr.journalducameroun.com/category/international/apo/?q=basketball-africa-league-launches-bal-future-pros-season-5-program-ahead-of-2025-season&pr=317775&lang=fr,https://fr.journalducameroun.com/cameroun-douala-des-ouvrages-et-un-cheque-remis-aux-etudiants-entrepreneurs/,https://fr.journalducameroun.com/ballon-dor-2023-le-camerounais-andre-onana-parmi-les-nomines/,https://fr.journalducameroun.com/cameroun-les-chretiens-entrent-dans-le-triduum-pascal/
https://fr.journalducameroun.com/cameroun-sdf-joshua-osih-succede-a-ni-john-fru-ndi/,https://fr.journalducameroun.com/category/international/apo/?q=payretailers-expands-further-into-africa-boosting-financial-inclusion-across-eight-additional-key-markets&pr=317723&lang=fr,https://fr.journalducameroun.com/cameroun-extreme-nord-huit-personnes-tuees/,https://fr.journalducameroun.com/can-2023-cameroun-burundi-tous-pour-la-victoire-des-lions/,https://fr.journalducameroun.com/le-patrimoine-culturel-du-peuple-sara-en-exposition-au-cameroun/
https://fr.journalducameroun.com/cameroun-le-sdf-en-conclave-pour-designer-le-successeur-de-ni-john-fru-ndi/,https://fr.journalducameroun.com/category/international/apo/?q=fund-for-export-development-in-africa-feda-announces-strategic-investment-in-team-drogba-competing-in-the-e1-series&pr=317699&lang=fr,https://fr.journalducameroun.com/cameroun-yaounde-un-policier-retrouve-mort/,https://fr.journalducameroun.com/can-2023-la-caf-rompt-son-contrat-avec-bein-sports/,https://fr.journalducameroun.com/cameroun-le-peuple-moundang-celebre-sa-culture/
https://fr.journalducameroun.com/cameroun-jean-michel-nintcheu-reactive-un-ancien-parti-politique/,https://fr.journalducameroun.com/category/international/apo/?q=dr-benedict-oramah-provides-thoughtful-balanced-insights-into-africas-energy-future-by-nj-ayuk&pr=316931&lang=fr,https://fr.journalducameroun.com/cameroun-les-resultats-du-probatoire-sont-connus-2/,https://fr.journalducameroun.com/cameroun-football-a-la-decouverte-de-frank-magri/,https://fr.journalducameroun.com/cameroun-la-contribution-du-cinema-au-developpement-du-cameroun-a-letude/
https://fr.journalducameroun.com/cameroun-manaouda-malachie-compile-200-citations-de-paul-biya-dans-un-ouvrage/,https://fr.journalducameroun.com/category/international/apo/?q=south-africas-foreign-ministry-joins-african-energy-week-aew-2024-promoting-panafrican-energy-diplomacy&pr=316935&lang=fr,https://fr.journalducameroun.com/cameroun-grace-decca-rend-hommage-aux-martyrs/,https://fr.journalducameroun.com/chan-volley-ball-messieurs-egypte-2023-la-bonne-entame-des-camerounais/,https://fr.journalducameroun.com/la-camerounaise-claire-ntolo-organise-le-grand-gala-de-sante-a-paris/
https://fr.journalducameroun.com/le-materiel-militaire-francais-en-provenance-du-niger-transitera-par-le-cameroun/,https://fr.journalducameroun.com/category/international/apo/?q=china-bridge-energy-commits-to-bringing-innovative-epc-and-financing-solutions-to-african-projects-ahead-of-aew-2024&pr=316927&lang=fr,https://fr.journalducameroun.com/cameroun-des-porteurs-de-projets-incites-a-la-formalisation-des-entreprises/,https://fr.journalducameroun.com/cameroun-samuel-etoo-nomme-des-responsables-dans-certaines-selections-nationales/,https://fr.journalducameroun.com/la-diva-queen-eteme-annoncee-au-sud-cameroun/
https://fr.journalducameroun.com/cameroun-les-questeurs-denoncent-laffairisme-des-pratiques-malsaines-a-lassemblee-nationale/,https://fr.journalducameroun.com/category/international/apo/?q=national-basketball-association-nba-africa-announces-finalists-for-tripledouble-startup-accelerator-demo-day&pr=316839&lang=fr,https://fr.journalducameroun.com/cameroun-douala-securite-renforcee-a-ngodi-bakoko-apres-le-meurtre-dune-femme-enceinte/,https://fr.journalducameroun.com/cameroun-la-fecafoot-bannit-a-vie-donald-ngameni/,https://fr.journalducameroun.com/le-camerounais-martins-et-singuila-en-mode-reconciliation/
https://fr.journalducameroun.com/cameroun-le-sdf-fin-pret-pour-son-10e-congres/,https://fr.journalducameroun.com/category/international/apo/?q=central-african-republic-new-digital-era-dawns-with-debut-of-highspeed-internet-cable&pr=316827&lang=fr,https://fr.journalducameroun.com/give-hope-to-our-children-lance-sa-campagne-back-to-school-2023/,https://fr.journalducameroun.com/cameroun-burundi-andre-onana-confirme-son-retour-en-selection-nationale/,https://fr.journalducameroun.com/cameroun-queen-eteme-prepare-son-septieme-album/
https://fr.journalducameroun.com/cameroun-henriette-ekwe-lance-un-processus-de-rapprochement-des-factions-de-lupc/,https://fr.journalducameroun.com/category/international/apo/?q=correction--champion-2024-de-la-basketball-africa-league-le-petro-de-luanda-angola-participe-a-la-coupe-intercontinentale-fiba-a-singapour&pr=316591&lang=fr,https://fr.journalducameroun.com/cameroun-dschang-accueille-le-congres-international-des-femmes-africaines/,https://fr.journalducameroun.com/lions-indomptables-du-cameroun-les-performances-des-24-selectionnes-de-rigobert-song/,https://fr.journalducameroun.com/cameroun-hadj-2023-paul-biya-accorde-une-nouvelle-subvention-dun-milliards-de-f-aux-pelerins/
https://fr.journalducameroun.com/cameroun-parlement-la-session-budgetaire-souvre-le-10-novembre/,https://fr.journalducameroun.com/category/international/apo/?q=2024-basketball-africa-league-champion-angolas-petro-de-luanda-to-participate-in-fiba-intercontinental-cup-in-singapore&pr=316567&lang=fr,https://fr.journalducameroun.com/cameroun-kye-ossi-la-gendarmerie-intercepte-un-important-stock-de-drogue/,https://fr.journalducameroun.com/disparition-salif-keita-legende-du-football-malien-est-mort/,https://fr.journalducameroun.com/le-fespam-revient-a-brazzaville-au-rythme-de-la-rumba-congolaise/
https://fr.journalducameroun.com/cameroun-eboulement-de-mbankolo-lopposition-accuse-le-gouvernement/,https://fr.journalducameroun.com/category/international/apo/?q=global-africa-business-initiative-announces-line-up-for-2024-flagship-event-unstoppable-africa-the-solution-for-a-global-future&pr=316159&lang=fr,https://fr.journalducameroun.com/cameroun-douala-de-16-a-33-morts-le-bilan-salourdit-apres-effondrement-dun-immeuble/,https://fr.journalducameroun.com/canada-pascal-siakam-le-basketteur-camerounais-au-grand-coeur/,https://fr.journalducameroun.com/cameroun-le-ndole-classe-47eme-meilleure-cuisine-du-monde/
https://fr.journalducameroun.com/cameroun-eboulement-de-mbankolo-des-leaders-politiques-et-religieux-expriment-leur-compassion/,https://fr.journalducameroun.com/category/international/apo/?q=uganda-72-arrests-in-august-alone-as-authorities-continue-to-crack-down-on-human-rights-defenders-opposing-oil-development-projects&pr=316195&lang=fr,https://fr.journalducameroun.com/cameroun-16-morts-a-douala-provisoire/,https://fr.journalducameroun.com/mercato-le-camerounais-jackson-tchatchoua-quitte-charleroi-pour-hellas-verone/,https://fr.journalducameroun.com/lartiste-dorigine-camerounaise-libianca-obtient-une-nouvelle-distiction/
https://fr.journalducameroun.com/cameroun-le-mrc-saisit-le-tribunal-contre-des-communicants-du-rdpc/,https://fr.journalducameroun.com/category/international/apo/?q=congo-energy-and-investment-forum-confirmed-for-march-2025&pr=315967&lang=fr,https://fr.journalducameroun.com/cameroun-pres-dune-centaine-de-cadavres-abandonnes-a-la-morgue-de-lhopital-central-de-yaounde/,https://fr.journalducameroun.com/chan-volley-ball-seniors-messieurs-2023-les-lions-prets-a-monter-au-filet/,https://fr.journalducameroun.com/world-global-contest-la-camerounaise-lyne-malele-se-penche-sur-les-problemes-de-puberte/
https://fr.journalducameroun.com/cameroun-nord-ouest-execution-de-deux-civils-sur-la-place-du-marche/,https://fr.journalducameroun.com/category/international/apo/?q=network-international-extends-strategic-partnership-with-orabank-group-to-transform-francophone-markets&pr=315971&lang=fr,https://fr.journalducameroun.com/cameroun-une-foire-pour-initier-les-enfants-a-la-lecture/,https://fr.journalducameroun.com/saudi-pro-league-le-camerounais-leandre-tawamba-change-de-club/,https://fr.journalducameroun.com/miss-heritage-roxy-ebe-ambassadrice-de-la-culture-camerounaise/
https://fr.journalducameroun.com/cameroun-sdf-les-presidents-regionaux-du-littoral-et-de-louest-sont-connus/,https://fr.journalducameroun.com/category/international/apo/?q=african-energy-chamber-aec-condemns-climate-rights-internationals-cris-campaign-to-block-uganda-oil-project&pr=315891&lang=fr,https://fr.journalducameroun.com/cameroun-baccalaureat-esg-taux-de-reussite-en-hausse-de-9-points/,https://fr.journalducameroun.com/cameroun-la-fecafoot-rehausse-les-salaires-des-footballeurs-et-entraineurs/,https://fr.journalducameroun.com/cameroun-faire-de-la-lecture-un-art/
https://fr.journalducameroun.com/cameroun-face-aux-plaintes-des-usagers-le-dgsn-annonce-la-delivrance-des-cni-en-48h/,https://fr.journalducameroun.com/category/international/apo/?q=communique-de-presse-video--conference-de-presse-en-ligne-exclusive-avec-le--monsieur-afrique--de-la-france-robert-bourgi&pr=322206&lang=fr,https://fr.journalducameroun.com/cameroun-universite-de-dschang-suspension-de-selection-en-these-de-doctorat-phd/,https://fr.journalducameroun.com/matchs-amicaux-le-cameroun-affrontera-le-senegal-et-la-russie/,https://fr.journalducameroun.com/cameroun-decouvrons-lambi-le-nouvel-ep-du-chanteur-h3riq/
https://fr.journalducameroun.com/le-cameroun-milite-pour-plus-de-representativite-de-lafrique-au-conseil-de-securite-de-lonu/,https://fr.journalducameroun.com/category/international/apo/?q=east-africa-the-ethiopiakenya-electricity-highway-is-shaping-regional-connectivity-with-the-support-of-the-african-development-bank&pr=322130&lang=fr,https://fr.journalducameroun.com/cameroun-fridolin-nke-a-un-pas-du-licenciement-de-luniversite-de-yaounde-1/,https://fr.journalducameroun.com/la-caf-organise-une-nouvelle-competition-lafrican-football-league/,https://fr.journalducameroun.com/cameroun-village-de-la-presse-culturelle-laccord-en-projetion-ce-jeudi/
https://fr.journalducameroun.com/cameroun-congres-du-sdf-joshua-osih-face-a-deux-adversaires/,https://fr.journalducameroun.com/category/international/apo/?q=superbridge-summit-2024-successfully-concludes-driving-trade-and-investment-partnerships-in-global-south&pr=321755&lang=fr,https://fr.journalducameroun.com/cameroun-le-feicom-annonce-une-repartition-de-54-milliards-f/,https://fr.journalducameroun.com/cameroun-fecavolley-serge-abouem-defie-le-comite-dethique-du-cnosc/,https://fr.journalducameroun.com/cameroun-labbe-pierre-lucien-betene-lun-des-plus-vieux-pretres-est-mort-a-82-ans/
https://fr.journalducameroun.com/cameroun-plus-de-81-300-personnes-vulnerables-ont-beneficie-des-soins-de-sante-du-cicr-en-zones-de-crise/,https://fr.journalducameroun.com/category/international/apo/?q=ge-vernova-provides-gridosr-orchestration-software-to-help-west-african-power-pool-wapp-facilitate-energy-exchange-among-its-member-states&pr=321675&lang=fr,https://fr.journalducameroun.com/cameroun-scandale-foncier-a-makepe-douala/,https://fr.journalducameroun.com/mondiaux-dathletisme-2023-bilan-encourageant-des-africains/,https://fr.journalducameroun.com/cameroun-monseigneur-roger-pirenne-quitte-ce-monde/
https://fr.journalducameroun.com/cameroun-le-gouvernement-condamne-les-predictions-de-coup-detat/,https://fr.journalducameroun.com/category/international/apo/?q=sustainable-energy-solutions-how-perenco-is-enabling-gaspowered-industrial-growth-across-africa&pr=312154&lang=fr,https://fr.journalducameroun.com/cameroun-bamenda-au-moins-neuf-personnes-abattues-dans-une-attaque/,https://fr.journalducameroun.com/cameroun-rigobert-song-devoile-une-liste-de-24-lions-face-au-burundi/,https://fr.journalducameroun.com/cameroun-leglise-catholique-rend-hommage-a-mgr-roger-pirenne/
https://fr.journalducameroun.com/cameroun-rdpc-le-comite-central-veut-rallumer-la-flamme-militante-en-contexte-de-crises-diverses/,https://fr.journalducameroun.com/category/international/apo/?q=la-dynamique-du-secteur-petrolier-et-gazier-camerounais-sestelle-effectivement-arretee--by-par-nj-ayuk-president-executif-chambre-africaine-de-lenergie&pr=312294&lang=fr,https://fr.journalducameroun.com/cameroun-obseques-de-ni-john-fru-ndi-des-separatistes-envoient-un-avertissement/,https://fr.journalducameroun.com/cameroun-des-retours-et-un-nouveau-attendus-dans-la-liste-des-lions/,https://fr.journalducameroun.com/cameroun-lady-ponce-secoue-encore-coco-argentee/
https://fr.journalducameroun.com/cameroun-littoral-le-sdf-convoque-les-elections-regionales-internes/,https://fr.journalducameroun.com/category/international/apo/?q=africas-energy-sector-to-litigate-banks-and-financiers-for-financial-apartheid-in-oil-and-gas-sector&pr=312394&lang=fr,https://fr.journalducameroun.com/cameroun-fin-du-systeme-de-mi-temps-dans-lenseignement-secondaire/,https://fr.journalducameroun.com/le-triathlon-une-discipline-pour-les-forts-de-corps-et-desprit/,https://fr.journalducameroun.com/cameroun-eric-delphin-kwegoue-est-laureat-du-prix-theatre-rfi-2023/
https://fr.journalducameroun.com/cameroun-collectivites-decentralisees-paul-biya-precise-les-attributions-des-secretaires-generaux/,https://fr.journalducameroun.com/category/international/apo/?q=trademark-africa-and-rwanda-government-set-to-host-landmark-trade-development-forum-in-kigali&pr=312477&lang=fr,https://fr.journalducameroun.com/cameroun-yaounde-fermeture-de-leglise-evangelique-du-cameroun-chapelle-de-nsimeyong/,https://fr.journalducameroun.com/grand-prix-cycliste-chantal-biya-tout-savoir-sur-les-preparatifs-de-ledition-2023/,https://fr.journalducameroun.com/cameroun-des-acteurs-promeuvent-les-langues-nationales-pour-lacces-universel-a-linformation/
https://fr.journalducameroun.com/cameroun-des-leaders-politiques-defendent-la-cause-des-enseignants/,https://fr.journalducameroun.com/category/international/apo/?q=neway-valve-joins-msgbc-oil-gas-and-power-2024-as-bronze-sponsor&pr=312793&lang=fr,https://fr.journalducameroun.com/cameroun-deces-dun-officier-de-police-apres-deux-tentatives-de-suicide-infructueuses/,https://fr.journalducameroun.com/ligue-des-champions-caf-coton-sport-elimine-au-tour-preliminaire/,https://fr.journalducameroun.com/cameroun-leveque-de-buea-suspend-deux-pretres/
https://fr.journalducameroun.com/cameroun-hausse-des-frais-dexamens-ludc-exige-le-retarit-immediat-de-la-decision/,https://fr.journalducameroun.com/category/international/apo/?q=african-development-bank-group-women-and-gender-communications-campaign-wins-national-association-of-black-journalists-salute-to-excellence-award&pr=312817&lang=fr,https://fr.journalducameroun.com/cameroun-lhumoriste-blaise-kalaba-est-decede-sa-maman-au-coma/,https://fr.journalducameroun.com/jeux-africains-2024-le-ghana-determine-a-organiser-la-competition/,https://fr.journalducameroun.com/leonard-cedric-banga-mbom-jai-un-sentiment-personnel-de-devoir-accompli/
https://fr.journalducameroun.com/cameroun-controle-routier-georges-elanga-obam-siffle-la-fin-de-larnaque-par-de-agents-communaux/,https://fr.journalducameroun.com/category/international/apo/?q=woodside-energy-chief-executive-officer-ceo-meg-oneill-announced-as-energy-person-of-the-year&pr=312813&lang=fr,https://fr.journalducameroun.com/cameroun-insalubrite-le-super-maire-de-yaounde-veut-taxer-la-production-des-dechets/,https://fr.journalducameroun.com/transferts-le-fc-lorient-recrute-le-camerounais-arthur-avom-ebong/,https://fr.journalducameroun.com/cameroun-makossa-la-nouvelle-touche-quapporte-martino-ngalle/
https://fr.journalducameroun.com/cameroun-bapteme-des-eleves-officiers-de-la-39e-promotion-de-lemia/,https://fr.journalducameroun.com/category/international/apo/?q=african-refiners-and-distributors-associations-ardas-roadmap-for-africas-downstream-sector&pr=312809&lang=fr,https://fr.journalducameroun.com/cameroun-des-campus-numeriques-en-gestation/,https://fr.journalducameroun.com/chan-volley-ball-dames-cameroun-2023-le-triomphe-des-kenyanes/,https://fr.journalducameroun.com/cameroun-diplomatie-culinaire-le-ndole-camerounais-au-centre-dun-forum-a-douala/
https://fr.journalducameroun.com/cameroun-hadj-2024-chronogramme-des-activites-deja-connu/,https://fr.journalducameroun.com/category/international/apo/?q=work-with-business-documents-in-odoo-using-onlyoffice-integration-is-extended-with-automated-templates&pr=312829&lang=fr,https://fr.journalducameroun.com/corruption-lafrique-centrale-interpellee-rapport/,https://fr.journalducameroun.com/ligue-1-le-camerounais-castelletto-ne-veut-plus-jouer-au-fc-nantes/,https://fr.journalducameroun.com/quand-un-journaliste-camerounais-leur-demande-une-interview-ils-snobent-pour-aller-le-faire-en-cote-divoire-ecrit-francois-gael-mballa-aux-artistes-musiciens-camerounais/
https://fr.journalducameroun.com/cameroun-25-candidats-retenus-pour-succeder-au-lamido-de-maroua-decede/,https://fr.journalducameroun.com/category/international/apo/?q=african-energy-chamber-aec-condemns-dialogue-earths-brash-attempt-to-use-an-african-voice-to-demonize-african-oil-and-gas&pr=312857&lang=fr,https://fr.journalducameroun.com/cameroun-ngaoundere-une-delegation-du-fonds-routier-en-mission-dinspection/,https://fr.journalducameroun.com/chan-volley-ball-dames-le-cameroun-elimine-en-demi-finale-par-le-kenya/,https://fr.journalducameroun.com/la-franco-camerounaise-marie-alix-de-putter-integre-le-dictionnaire-biographique-des-protestants-francais/
https://fr.journalducameroun.com/cameroun-le-10e-contingent-de-casques-bleus-envoye-en-rca/,https://fr.journalducameroun.com/category/international/apo/?q=forvis-mazars-to-break-new-ground-in-professional-services-at-msgbc-2024&pr=311866&lang=fr,https://fr.journalducameroun.com/cameroun-leconomie-numerique-presentee-comme-une-niche-demploi/,https://fr.journalducameroun.com/mercato-le-camerounais-naguida-aboubakar-depose-ses-valises-a-rennes/,https://fr.journalducameroun.com/cameroun-plusieurs-pharmacies-non-conformes-a-douala-epinglees/
https://fr.journalducameroun.com/cameroun-la-veuve-de-ruben-um-nyobe-est-morte/,https://fr.journalducameroun.com/category/international/apo/?q=in-chatbots-we-trustbut-should-we&pr=311854&lang=fr,https://fr.journalducameroun.com/la-communaute-missionnaire-saint-paul-et-le-cnc-en-choeur-pour-la-paix-au-cameroun/,https://fr.journalducameroun.com/chan-volleyball-dames-le-cameroun-qualifie-pour-les-demi-finales/,https://fr.journalducameroun.com/legypte-offre-1-200-boites-de-medicaments-contre-lhepatite-c-au-cameroun/
https://fr.journalducameroun.com/cameroun-le-sdf-condamne-les-coups-detat-en-afrique/,https://fr.journalducameroun.com/category/international/apo/?q=2eme-journee-du-festival-des-masques-a-portonovo--leffervescence-en-attendant-lapotheose-ce-dimanche&pr=311830&lang=fr,https://fr.journalducameroun.com/cameroun-ayang-luc-et-ses-projets-extravagants/,https://fr.journalducameroun.com/mercato-le-camerounais-toko-ekambi-choisit-aussi-larabie-saoudite/,https://fr.journalducameroun.com/sante-afrique-ces-pays-touches-par-la-variole-du-singe/
https://fr.journalducameroun.com/cameroun-faustin-archange-touadera-en-visite-au-palais-de-lunite/,https://fr.journalducameroun.com/category/international/apo/?q=cassava-technologies-launches-its-own-artificial-intelligence-ai-business-unit-cassava-ai&pr=311470&lang=fr,https://fr.journalducameroun.com/cameroun-concours-administratifs-augmentation-du-nombre-de-places-et-des-frais-en-2023/,https://fr.journalducameroun.com/mercato-brighton-recrute-le-camerounais-carlos-baleba/,https://fr.journalducameroun.com/oms-afrique-manaouda-malachie-etait-a-brazzaville/
https://fr.journalducameroun.com/cameroun-cinq-morts-cinq-blesses-dans-une-attaque-de-boko-haram/,https://fr.journalducameroun.com/category/international/apo/?q=onomo-hotels-and-spotify-join-forces-to-host-hugely-successful-casablanca-summer-fest&pr=311658&lang=fr,https://fr.journalducameroun.com/cameroun-deux-eleves-gendarmes-radies/,https://fr.journalducameroun.com/basketball-le-cameroun-obtient-son-ticket-des-qualificatifs-des-jo-de-paris-2024/,https://fr.journalducameroun.com/la-variole-du-singe-fait-deux-morts-au-cameroun/
https://fr.journalducameroun.com/cameroun-97-684-nouveaux-electeurs-dans-la-region-du-littoral/,https://fr.journalducameroun.com/category/international/apo/?q=african-energy-chamber-on-working-visit-to-senegal-to-promote-further-collaboration-within-the-oil-and-gas-industry-and-boost-energy-cooperation&pr=311506&lang=fr,https://fr.journalducameroun.com/cameroun-kylian-mbappe-une-visite-empreint-dengagement-social/,https://fr.journalducameroun.com/tyrese-noubissie-une-pepite-camerounaise-a-conquerir/,https://fr.journalducameroun.com/cameroun-le-cheque-sante-setend-dans-les-regions-du-nord-ouest-et-du-sud-ouest/
https://fr.journalducameroun.com/cameroun-assassinat-de-suzanne-zamboue-les-avocats-de-maxime-eko-eko-menacent-de-trainer-le-mrc-et-les-medias-en-justice/,https://fr.journalducameroun.com/category/international/apo/?q=le-tunisien-radhouane-slimane-celebre-la-victoire-de-la-summer-league-nba-2k25-en-tant-que-membre-du-staff-technique-du-miami-heat&pr=311350&lang=fr,https://fr.journalducameroun.com/cameroun-concours-administratifs-2023-des-precisions-sur-la-repartition-des-places/,https://fr.journalducameroun.com/cameroun-la-sentence-du-tas-secoue-la-fecafoot/,https://fr.journalducameroun.com/cameroun-le-gouvernement-organise-une-campagne-de-vaccination-contre-la-fievre-jaune/
https://fr.journalducameroun.com/match-cameroun-vs-burundi-des-hommes-politiques-en-action/,https://fr.journalducameroun.com/category/international/apo/?q=tunisias-radhouane-slimane-celebrates-nba-2k25-summer-league-win-as-part-of-miami-heat-coaching-staff&pr=311258&lang=fr,https://fr.journalducameroun.com/cameroun-propriete-intellectuelle-des-enseignants-outilles-sur-la-rentabilite-de-leur-travail/,https://fr.journalducameroun.com/le-drapeau-camerounais-brille-aux-jeux-de-la-francophonie/,https://fr.journalducameroun.com/cameroun-45-millions-de-dollars-des-etats-unis-pour-lutter-contre-le-paludisme-au-nord-sur-cinq-ans/
https://fr.journalducameroun.com/cameroun-crise-anglophone-vehicules-occupants-et-commerces-incendies-a-buea/,https://fr.journalducameroun.com/category/international/apo/?q=epcm-chief-executive-officer-ceo-to-chart-course-for-mauritania-energy-infrastructure-at-msgbc-2024&pr=311246&lang=fr,https://fr.journalducameroun.com/cameroun-accident-dedea-des-victimes-entament-leur-dernier-voyage/,https://fr.journalducameroun.com/cameroun-yves-dooh-moukoko-quitte-canon-de-yaounde/,https://fr.journalducameroun.com/cameroun-extreme-nord-larmee-organise-une-campagne-de-sante/
https://fr.journalducameroun.com/cameroun-une-mission-daudit-de-surete-de-loaci-annoncee-en-octobre-prochain/,https://fr.journalducameroun.com/category/international/apo/?q=morocco-portugal-and-spain-submit-bid-book-to-fifa-for-joint-bid-for-2030-fifa-world-cup&pr=311214&lang=fr,https://fr.journalducameroun.com/cameroun-yaounde-et-loum-la-gendarmerie-interpelle-pres-de-700-presumes-trafiquants-de-drogue/,https://fr.journalducameroun.com/mondial-feminin-2023-les-equipes-africaines-a-suivre/,https://fr.journalducameroun.com/cameroun-le-ministre-de-la-sante-reactive-le-systeme-de-prevention-contre-le-covid-19/
https://fr.journalducameroun.com/cameroun-lepouse-du-coordonnateur-national-du-mrc-assassinee/,https://fr.journalducameroun.com/category/international/apo/?q=african-petroleum-producers-organization-appo-secretary-general-to-highlight-africa-energy-banks-aebs-role-at-msgbc-2024&pr=311097&lang=fr,https://fr.journalducameroun.com/cameroun-des-produits-de-depigmentation-de-104-millions-de-f-saisis/,https://fr.journalducameroun.com/cameroun-fecafoot-samuel-etoo-au-coeur-du-trucage-de-matchs/,https://fr.journalducameroun.com/cameroun-inauguration-du-centre-hospitalier-universitaire-de-bertoua/
https://fr.journalducameroun.com/cameroun-paul-biya-affecte-30-milliards-f-pour-le-fonctionnement-des-regions/,https://fr.journalducameroun.com/category/international/apo/?q=goma--mission-de-lorganisation-des-nations-unies-pour-la-stabilisation-en-republique-democratique-du-congo-monusco-appuie-les-efforts-des-autorites-en-faveur-de-la-protection-civile&pr=311089&lang=fr,https://fr.journalducameroun.com/la-cameroon-baptist-convention-vient-en-aide-aux-victimes-de-guerre/,https://fr.journalducameroun.com/cameroun-samuel-etoo-la-fifa-a-accorde-6-5-millions-de-dollars-a-la-fecafoot/,https://fr.journalducameroun.com/300-000-jeunes-consomment-le-tabac-au-cameroun/
https://fr.journalducameroun.com/cameroun-france-une-soiree-caritative-pour-soutenir-des-prisonniers-du-mrc/,https://fr.journalducameroun.com/category/international/apo/?q=33es-olympiades-dete--le-chef-de-letat-assiste-a-la-ceremonie-douverture-dans-la-capitale-francaise&pr=310953&lang=fr,https://fr.journalducameroun.com/cameroun-confusion-au-padesce-le-mutisme-trouble-de-la-banque-mondiale/,https://fr.journalducameroun.com/mercato-andre-onana-le-nouvel-ange-gardien-de-manchester-united/,https://fr.journalducameroun.com/cameroun-patients-indigents-une-commission-de-droits-de-lhomme-chez-le-ministre-de-la-sante/
https://fr.journalducameroun.com/cameroun-hommes-et-femmes-politiques-reagissent-apres-le-coup-detat-au-gabon/,https://fr.journalducameroun.com/category/international/apo/?q=mauritanian-british-business-council-partners-with-msgbc-oil-gas-and-power-2024&pr=310817&lang=fr,https://fr.journalducameroun.com/cameroun-plus-de-262-000-candidats-a-lassaut-du-cap-et-du-bepc/,https://fr.journalducameroun.com/cameroun-henri-njalla-quan-sattaque-a-la-gestion-de-samuel-etoo/,https://fr.journalducameroun.com/cameroun-voici-lapport-de-la-couverture-sante-universelle-aux-soins-des-malades-dinsuffisance-renale/
https://fr.journalducameroun.com/cameroun-crise-anglophone-un-autre-financier-des-separatistes-arrete-aux-usa/,https://fr.journalducameroun.com/category/international/apo/?q=how-newcomers-like-namibia-and-guyana-are-surpassing-african-legacy-producers-in-energy-investment-by-by-nj-ayuk&pr=310809&lang=fr,https://fr.journalducameroun.com/cameroun-accident-dedea-le-village-ngock-prepare-linhumation-de-14-corps/,https://fr.journalducameroun.com/eliminatoires-mondial-2026-les-adversaires-du-cameroun-sont-connus/,https://fr.journalducameroun.com/cameroun-lhopital-de-district-de-mora-dispose-dun-nouveau-bloc-operatoire/
https://fr.journalducameroun.com/colonel-didier-badjeck-le-coup-detat-nest-pas-envisageable-au-cameroun/,https://fr.journalducameroun.com/category/international/apo/?q=azule-energys-adriano-mongini-to-outline-innovative-floating-production-storage-and-offloading-fpso-exploration-solutions-at-african-energy-week-aew-2024&pr=310813&lang=fr,https://fr.journalducameroun.com/cameroun-letat-doit-encore-aux-enseignants-105-milliards-de-fcfa/,https://fr.journalducameroun.com/cyclisme-le-cameroun-connait-ses-champions/,https://fr.journalducameroun.com/cameroun-le-ministre-de-la-sante-alerte-sur-le-risque-delevation-des-temperatures-dans-huit-regions/
https://fr.journalducameroun.com/cameroun-paul-biya-cree-lecole-de-formation-aux-operations-de-maintien-de-la-paix/,https://fr.journalducameroun.com/category/international/apo/?q=epilogue-de-la-4eme-edition-du-championnat-national-scolaire--clap-de-fin-aux-saveurs-dune-reussite-eclatante&pr=310725&lang=fr,https://fr.journalducameroun.com/carine-andela-lance-le-1er-site-internet-consacre-aux-produits-made-in-cameroun/,https://fr.journalducameroun.com/cameroun-interpoules-2023-chaudes-empoignades-en-perspective/,https://fr.journalducameroun.com/le-cameroun-parmi-les-11-pays-les-plus-touches-par-le-paludisme/
https://fr.journalducameroun.com/cameroun-cabral-libii-fait-un-don-de-medicaments-de-19-millions-a-eseka/,https://fr.journalducameroun.com/category/international/apo/?q=guineaconakrys-energy-minister-joins-african-energy-week-aew-2024-promoting-investment-opportunities-in-oil-gas-and-regional-power&pr=310385&lang=fr,https://fr.journalducameroun.com/cameroun-les-etudiants-honores-a-listag/,https://fr.journalducameroun.com/le-combat-de-francis-ngannou-face-a-tyson-fury-lui-rapportera-plus-de-3-milliards-de-f-cfa/,https://fr.journalducameroun.com/cameroun-kobocollect-un-logiciel-pour-favoriser-lacces-aux-poches-de-sang/
https://fr.journalducameroun.com/cameroun-elecam-inscrit-plus-de-368-000-nouveaux-electeurs-en-2023/,https://fr.journalducameroun.com/category/international/apo/?q=african-energy-week-aew-2024-to-foster-investment-and-collaboration-with-organization-of-the-petroleum-exporting-countries-opecafrica-roundtable&pr=310381&lang=fr,https://fr.journalducameroun.com/cameroun-il-pleut-du-sang-sur-des-routes-au-moins-30-morts-au-mois-de-mai/,https://fr.journalducameroun.com/boxe-un-combat-entre-francis-ngannou-et-tyson-fury-annonce/,https://fr.journalducameroun.com/cameroun-un-programme-pour-faciliter-lintegration-sociale-des-enfants-autistes/
https://fr.journalducameroun.com/cameroun-amadou-vamoulke-claque-la-porte-du-rdpc/,https://fr.journalducameroun.com/category/international/apo/?q=cofinity-group-inc-announces-strategic-channel-partnerships-with-leading-african-data-center-providers&pr=310297&lang=fr,https://fr.journalducameroun.com/cameroun-universite-de-garoua-les-premiers-amphitheatres-annonces-en-avril-2024/,https://fr.journalducameroun.com/de-debutant-a-professionnel-comment-ameliorer-vos-competences-en-paris-sportifs-en-ligne/,https://fr.journalducameroun.com/cameroun-sante-publique-manaouda-malachie-rencontre-le-secteur-prive-a-douala/
https://fr.journalducameroun.com/cameroun-le-gouvernement-condamne-le-coup-detat-au-gabon/,https://fr.journalducameroun.com/category/international/apo/?q=nba-africa-and-agence-francaise-de-developpement-launch-youth-development-program-in-kenya&pr=309890&lang=fr,https://fr.journalducameroun.com/cameroun-54-des-ecoles-sont-restees-fermees-en-zone-anglophone-onu/,https://fr.journalducameroun.com/cameroun-hugo-ekitike-les-lions-indomptables-en-ligne-de-mire/,https://fr.journalducameroun.com/cameroun-le-ministre-de-la-sante-remet-23-vehicules-dune-valeur-de-plus-de-420-millions-de-f-au-centre-national-de-transfusion-sanguine/
https://fr.journalducameroun.com/cameroun-dernier-jour-des-inscriptions-sur-les-listes-electorales/,https://fr.journalducameroun.com/category/international/apo/?q=african-chamber-of-commerce-in-china-partners-with-msgbc-oil-gas-and-power-2024&pr=309886&lang=fr,https://fr.journalducameroun.com/cameroun-lauf-lance-le-prix-de-la-francophonie-pour-jeunes-chercheurs/,https://fr.journalducameroun.com/cape-town-city-se-separe-du-camerounais-bertrand-mani/,https://fr.journalducameroun.com/cameroun-le-gouvernement-renforce-la-politique-de-transfusion-sanguine/
https://fr.journalducameroun.com/cameroun-securite-renforcee-a-la-frontiere-avec-le-gabon/,https://fr.journalducameroun.com/category/international/apo/?q=francophone-british-business-council-fbbc-joins-msgbc-oil-gas-and-power-2024-as-strategic-partner-promoting-united-kingdomafrica-investment&pr=309826&lang=fr,https://fr.journalducameroun.com/cameroun-ketcha-courtes-resilie-le-contrat-dune-entreprise-de-btp/,https://fr.journalducameroun.com/coupe-du-cameroun-2023-laffiche-de-la-finale-est-connue/,https://fr.journalducameroun.com/cameroun-une-conference-internationale-reunit-12-pays-les-plus-touches-par-le-paludisme/
https://fr.journalducameroun.com/cameroun-les-instructions-de-paul-biya-pour-le-budget-dimpact-de-lannee-2024/,https://fr.journalducameroun.com/category/international/apo/?q=orange-middle-east-and-africa-publishes-seeds-of-change-its-2023-corporate-social-responsibility-csr-report&pr=309818&lang=fr,https://fr.journalducameroun.com/cameroun-plus-de-126-000-candidats-face-aux-epreuves-ecrites-du-baccalaureat-esg/,https://fr.journalducameroun.com/quand-vous-recevez-des-messages-comme-ca-cest-degoutant-deplore-youssoufa-moukoko/,https://fr.journalducameroun.com/le-cameroun-lance-une-campagne-de-vaccination-apres-detection-de-12-cas-de-polio-virus-sauvage/
https://fr.journalducameroun.com/cameroun-le-mrc-exige-la-liberation-immediate-de-ses-militants-arretes-dans-le-sud/,https://fr.journalducameroun.com/category/international/apo/?q=pac-capital-limited-closes-a-us443-million-deal-for-etu-energias-for-the-acquisition-of-galps-stake-in-offshore-angola-blocks&pr=309778&lang=fr,https://fr.journalducameroun.com/cameroun-17-morts-suite-a-un-accident-a-edea/,https://fr.journalducameroun.com/tour-cycliste-international-du-cameroun-lincomprehension-laisse-place-a-loptimisme/,https://fr.journalducameroun.com/cameroun-les-chefs-traditionnels-du-canton-adie-recus-par-le-minsante/
https://fr.journalducameroun.com/cameroun-letat-recrute-2-000-commandos-delite/,https://fr.journalducameroun.com/category/international/apo/?q=maroc--la-banque-africaine-de-developpement-lance-la-nouvelle-solution-numerique-remote--appraisal-supervision-monitoring-and-evaluation--rasme-pour-moderniser-la-supervision-des-projets-de-developpement&pr=309670&lang=fr,https://fr.journalducameroun.com/cameroun-16-morts-morts-et-trois-blesses-sur-laxe-douala-yaounde/,https://fr.journalducameroun.com/paris-de-tennis-actualites-et-analyses-des-tournois-de-tennis-revues-des-matchs-passes-et-a-venir-joueurs-cles-et-leur-forme-conseils-pour-les-paris-sur-le-tennis/,https://fr.journalducameroun.com/cameroun-les-autorites-sanitaires-alertent-sur-le-produit-jigsimur/
https://fr.journalducameroun.com/cameroun-jean-blaise-gwet-dit-sengager-20-fois-a-changer-le-pays/,https://fr.journalducameroun.com/category/international/apo/?q=natural-gas-the-right-transition-fuel-for-south-africa-by-nj-ayuk&pr=309654&lang=fr,https://fr.journalducameroun.com/au-cameroun-le-gouvernement-annonce-lexpulsion-des-travailleurs-illegaux-etrangers/,https://fr.journalducameroun.com/football-arabie-saoudite-ngolo-kante-rejoint-karim-benzema/,https://fr.journalducameroun.com/cameroun-sante-publique-la-croix-rouge-lance-une-campagne-contre-les-epidemies/
https://fr.journalducameroun.com/cameroun-rentree-scolaire-la-conac-appelle-la-communaute-educative-a-la-prise-de-conscience/,https://fr.journalducameroun.com/category/international/apo/?q=mastercard-foundation-edtech-conference-in-abuja-ends-with-10-recommendations-for-delivering-the-future-of-learning-in-africa&pr=309646&lang=fr,https://fr.journalducameroun.com/cameroun-la-gendarmerie-appuie-la-gachette-de-la-repression-contre-les-discours-haineux/,https://fr.journalducameroun.com/coupe-du-cameroun-09-clubs-de-premiere-division-en-8e-de-finales/,https://fr.journalducameroun.com/le-cameroun-lance-la-premiere-campagne-de-vaccination-contre-le-paludisme/
https://fr.journalducameroun.com/cameroun-listes-electorales-elecam-lance-la-derniere-ligne-droite/,https://fr.journalducameroun.com/category/international/apo/?q=beni-la-monusco-facilite-la-reprise-des-emissions-de-la-sousstation-de-la-rtnc&pr=309530&lang=fr,https://fr.journalducameroun.com/cameroun-les-universitaires-cherchent-des-solutions-aux-discours-haineux/,https://fr.journalducameroun.com/cameroun-fecavolley-trois-selections-nationales-affutent-leurs-armes/,https://fr.journalducameroun.com/cameroun-le-ministre-de-la-sante-publique-manaouda-malachie-exhorte-les-professionnels-de-la-sante-a-plus-defficacite/
https://fr.journalducameroun.com/cameroun-les-frankistes-se-dechirent/,https://fr.journalducameroun.com/category/international/apo/?q=sextortion-epidemic-plagues-teens-demands-urgent-action&pr=309382&lang=fr,https://fr.journalducameroun.com/le-cameroun-forme-825-casques-bleus-de-lonu/,https://fr.journalducameroun.com/match-amical-cameroun-mexique-rigobert-song-devoile-une-liste-de-22-lions/,https://fr.journalducameroun.com/lhuile-de-cbd-pour-le-traitement-de-lanxiete-un-apercu-complet/
https://fr.journalducameroun.com/cameroun-suspension-du-service-de-visas-au-consulat-de-france/,https://fr.journalducameroun.com/category/international/apo/?q=1ere-edition-du-grand-cross-de-tchibanga--le-chef-de-letat-donne-le-coup-denvoi&pr=309310&lang=fr,https://fr.journalducameroun.com/cameroun-transport-lagence-touristique-express-suspendue/,https://fr.journalducameroun.com/can-u23-maroc-2023-le-cameroun-repeche-par-la-caf/,https://fr.journalducameroun.com/cameroun-le-centre-national-de-transfusion-sanguine-presente-son-budget-pour-2024/
https://fr.journalducameroun.com/cameroun-le-gouvernement-arrete-des-mesures-pour-securiser-la-rentree-scolaire/,https://fr.journalducameroun.com/category/international/apo/?q=african-players-coaches-and-referees-to-participate-in-nba-2k25-summer-league&pr=309174&lang=fr,https://fr.journalducameroun.com/gospel-le-chantre-lawrence-oyor-debarque-au-cameroun/,https://fr.journalducameroun.com/can-u23-maroc-2023-le-cameroun-demarre-les-preparatifs/,https://fr.journalducameroun.com/cameroun-sept-candidats-a-la-presidence-de-lordre-national-des-medecins/
https://fr.journalducameroun.com/cameroun-paul-biya-nomme-un-ambassadeur-en-serbie/,https://fr.journalducameroun.com/category/international/apo/?q=fiat-celebrates-its-first-125-years-and-smiles-to-the-future&pr=309130&lang=fr,https://fr.journalducameroun.com/cameroun-plus-de-246-000-eleves-face-au-concours-dentree-en-6e/,https://fr.journalducameroun.com/tournoi-friendship-golf-le-cameroun-a-un-fil-de-la-victoire/,https://fr.journalducameroun.com/cameroun-les-chantiers-qui-attendent-rodophe-fonkoua-4e-president-de-lordre-national-des-medecins/
https://fr.journalducameroun.com/79e-assemblee-generale-de-lonu-le-cameroun-bat-campagne-pour-philemon-yang-en-afrique-du-sud/,https://fr.journalducameroun.com/category/international/apo/?q=apo-group-chairman-nicolas-pompignemognard-to-share-insights-on-african-sports-and-development-at-eurafrican-forum-2024&pr=308850&lang=fr,https://fr.journalducameroun.com/cameroun-lesstic-fete-ses-50-ans-dexistence/,https://fr.journalducameroun.com/cameroun-premier-league-bryan-mbeumo-auteur-dun-double-avec-brentford/,https://fr.journalducameroun.com/le-cameroun-se-dote-dune-intelligence-artificielle-qui-reflete-sa-culture/
https://fr.journalducameroun.com/cameroun-assemblee-nationale-la-situation-financiere-inquiete-le-president/,https://fr.journalducameroun.com/category/international/apo/?q=allnew-citroen-c3-aircross-the-most-affordable-and-comfortable-multienergies-compact-suv-available-with-7-seats&pr=308602&lang=fr,https://fr.journalducameroun.com/cameroun-agressions-paul-atanga-nji-prescrit-lidentification-des-taxis-et-mototaxis/,https://fr.journalducameroun.com/mtn-elite-one-coton-sport-champion-du-cameroun-saison-2022-2023/,https://fr.journalducameroun.com/litterature-une-nouvelle-offre-de-youscribe-pour-promouvoir-les-auteurs-en-afrique/